NElmts,linear,quadratic
3,0.0036156548784418356,3.871327509826487e-5
5,0.0013868318719379717,1.4104416144321026e-5
9,0.0003717350372158482,1.5877245058865827e-6
17,0.00010255714437525046,2.4648513103487483e-7
33,2.723763522317956e-5,3.512563959725036e-8
