NElmts,linear,quadratic
3,1.1084516075357587e-13,1.2771714627595395e-13
5,3.660574168603168e-13,1.7419647867799462e-13
9,5.535558856476494e-13,1.3480730805734726e-12
17,2.891499319171019e-12,1.2166245528319426e-12
33,1.0344045872997666e-11,6.396753763223123e-12
