NElmts,linear,quadratic
3,0.17426950457225227,0.0245626538735258
5,0.06470839985172135,0.006154679357040588
9,0.02016005678292515,0.0011190253520806915
17,0.005671614925270142,0.00016921686664620085
33,0.0015069064361684767,2.327767678240916e-5
