NElmts,linear,quadratic
3,2.956824332835006e-13,3.337779212586285e-13
5,1.3125830746950773e-12,4.577877866661516e-13
9,2.2394954827338795e-12,4.269600994822851e-12
17,1.0304122471539946e-11,7.281601997737446e-12
33,3.682899629053554e-11,2.27373779848875e-11
