NElmts,linear,quadratic
3,4.1361844563237475e-14,8.524107525267269e-14
5,2.307182185777426e-13,3.2377458248947185e-13
9,3.5644004229798023e-13,1.6867334386734715e-13
17,2.962523531286185e-12,3.9689077180514645e-12
33,1.0093801658108189e-11,1.6331130536822876e-11
