NElmts,linear,quadratic
3,0.3025725720375071,0.030318934614741774
5,0.1096126531100476,0.007568123771523369
9,0.025648951848952842,0.0014108533076598888
17,0.0068737863331318665,0.00020294580194054918
33,0.0018004812551404832,2.799897499118438e-5
