NElmts,linear,quadratic
3,1.8051573806227124e-13,3.8590182266528534e-13
5,9.108752574813584e-13,1.2930662270254011e-12
9,2.7445811262463155e-12,1.5856370899373265e-12
17,8.70371017968422e-12,1.497422678595891e-11
33,3.6852107997431245e-11,5.96059767886109e-11
