ElementSize,linear,quadratic
0.35,0.0252318624219164,4.990709479972586e-14
0.175,0.006307581341671257,2.0318155996390137e-13
0.0875,0.001576889331742243,8.556458758066839e-13
0.04375,0.00039422223848084164,3.511556424579443e-12
0.021875,9.855555487965884e-5,1.2846528916076973e-11
