NElmts,linear,rate1,quadratic,rate2
3,0.006805355387648079,0.0,5.609206652649862e-5,0.0
5,0.00287566985241435,1.686337137168514,9.879638280339318e-6,3.3994349643197324
9,0.0007839045686796252,2.211267635911746,1.688778124477043e-6,3.0052921256864313
17,0.00020978128172371744,2.0727124218800363,2.6833269015347886e-7,2.8923984944564958
33,5.3368198458506927e-5,2.063715320218188,3.550535260499608e-8,3.0492413110122722
