NElmts,linear,quadratic
3,2.1578856830463126e-16,1.7639582423768193e-16
5,1.986027322597817e-16,2.3338925233645653e-16
9,1.2849392325461976e-16,1.933059738016752e-16
17,2.333077610569247e-16,2.2036040913597255e-16
33,1.878600118336317e-16,1.723905747381727e-16
