NElmts,linear,quadratic
3,2.368287513820768e-16,3.437391544893037e-16
5,2.0397153367403453e-16,3.3933531150255373e-16
9,1.725089854562819e-16,2.6803763139589238e-16
17,1.7978571418191376e-16,2.1099586315886933e-16
33,1.804846981993019e-16,8.731422429258873e-16
