NElmts,errTLinear,errG1Linear,errG2Linear,errTQuadratic,errG1Quadratic,errG2Quadratic
3,0.7769460553532427,0.9851122021488516,1.2730452539731918,0.0941917201874281,0.25215906858190174,0.20735319045097453
5,0.18937732961412618,0.5387577793964474,0.33771267609178984,0.02439352889057643,0.06047430394815398,0.06812270441664178
9,0.0540269139148465,0.1957761487870895,0.09670197746431093,0.004851210679566882,0.011159451583753864,0.015591185508638769
17,0.014319216020635891,0.06486272514475169,0.028969946004646193,0.0007299644139022562,0.0019090506058747534,0.0025316375506200966
33,0.0035713352683371877,0.021098855562290176,0.008706874310043692,9.014872788507985e-5,0.0003290740180222175,0.0003494729038172527
