NElmts,linear,quadratic
3,4.7037300082647273e-7,1.0770148790831226e-6
5,2.9658660646203737e-10,8.381131220848236e-10
9,9.122101557358973e-12,2.1275031583739756e-11
17,4.590472028451479e-14,9.149824757615281e-14
33,1.3922142468065292e-16,5.509392019828979e-16
