NElmts,errTLinear,errG1Linear,errG2Linear,errTQuadratic,errG1Quadratic,errG2Quadratic
3,0.5670764297123095,1.094359383899099,1.2539236729855279,0.06799802903371746,0.2070727193282451,0.20233659917229216
5,0.1533615098521903,0.5545473503394005,0.47544010407509835,0.020349441713589957,0.06425925077344392,0.07254712880907799
9,0.05153585783286706,0.20950553903472852,0.14703414058402045,0.004634654545020873,0.01235930873861426,0.016803253602458573
17,0.01521938309844325,0.07030076622557488,0.044006282304410414,0.0007273918153451816,0.0020863585964887507,0.0026971367286307553
33,0.003970957984672908,0.023651827904213683,0.015265296308982303,9.011689361643614e-5,0.0003953760542831386,0.0004192876666300815
