NElmts,errTLinear,errTQuadratic
3,7.769223574004726e-13,1.7048984299915007e-12
5,7.24331431302744e-14,4.4528481196766026e-14
9,5.831594482413269e-15,1.4638264006490503e-14
17,2.8640450618848237e-16,6.077079190113716e-16
33,1.657341791503892e-16,1.2114748734224835e-15
