NElmts,errTLinear,errG1Linear,errG2Linear,errTQuadratic,errG1Quadratic,errG2Quadratic
3,0.0028216140914319957,0.03907629228873141,0.03934602061358042,8.839646876755266e-5,0.018236604756070626,0.01706697494890183
5,0.001148765265826119,0.023681401590062413,0.024998157309629333,8.68123999358913e-6,0.0006314270407526889,0.0006279204378912092
9,0.00037268514165089754,0.009356054912078303,0.009294520691133049,1.4444385948749722e-6,0.0002002354058427836,0.00020109672077993061
17,0.00010811218809134702,0.003973999777533904,0.003973627278379732,2.2453480713858206e-7,1.9557779428939606e-5,1.9602348808125507e-5
33,2.9152274565381483e-5,0.0015389089530369012,0.00153890882654703,3.144082384683407e-8,4.070867277250507e-6,4.070934562561021e-6
