NElmts,linear,quadratic
3,1.441407698050316e-14,9.198031440428973e-14
5,2.8657751168009115e-13,4.568828717657679e-13
9,6.524093240476574e-13,9.206097387346413e-14
17,2.47777836875211e-12,4.198994722293894e-12
33,1.0169444619783105e-11,1.6894822766200332e-11
