NElmts,linear,quadratic
3,0.21707456407097644,0.030815910202906905
5,0.11675527324306202,0.009102475875492845
9,0.02382076492935032,0.0013472412651196126
17,0.006732564037373506,0.00020183392709838903
33,0.0017946620333192326,2.7903818996866402e-5
