NElmts,linear,quadratic
3,1.0103615952172146e-6,2.5482571769117974e-6
5,1.8151457675191437e-8,2.01081670732315e-8
9,2.1164600544413566e-10,3.132972356973109e-10
17,9.503377101088215e-12,1.551420934954923e-11
33,3.411438983695079e-11,5.895920794264754e-11
