NElmts,linear,quadratic
3,1.7757868689029442e-16,3.40267086233988e-16
5,2.242684470479878e-16,2.7254834602456413e-16
9,1.6297272651916522e-16,2.2131919228733142e-16
17,2.2798913247461193e-16,2.2865062318353354e-16
33,1.8747825731119172e-16,1.9236115996403395e-16
