NElmts,errTLinear,errG1Linear,errG2Linear,errTQuadratic,errG1Quadratic,errG2Quadratic
3,0.7814156617467651,1.0688541432441674,1.3311166016830702,0.08860459362969375,0.25365644586988095,0.22447112726043847
5,0.19297104548199456,0.5755188829678709,0.3962500985357084,0.024202405675779335,0.06331974847305824,0.07457919586833386
9,0.053997694914413766,0.2303200387941794,0.14716339698364933,0.004856322067468357,0.01357892169707466,0.017426478032074526
17,0.014304015483386409,0.07877014606336055,0.04557161158259155,0.0007284097022450717,0.0022336790617272424,0.0028029331999669758
33,0.003570075786337737,0.02792331287123073,0.016690501639137677,9.006265253755035e-5,0.00042207536624869283,0.000434235206266674
