NElmts,errTLinear,errTQuadratic
3,2.1031595001232753e-16,2.492290531770952e-16
5,1.9734329562579985e-16,4.126286199996149e-16
9,1.6720634802492688e-16,2.7658145022112677e-16
17,1.8931225476162307e-16,2.1217608381340624e-16
33,1.7953886114604074e-16,8.90940135633354e-16
